Workbook

Sheet Reações
A1: Reações da Condessa (passivas e ativas)
A2: Os gatilhos são só ideias: o Conselho (as 3 personas que compõem a Condessa) deve revisar cada um e decidir se aprova, ajusta ou substitui. Estados seguem a ficha (B olhos, C boca, D detalhes, F olhares, V fala, O íris livre, P/H/E camadas). Durações em azul são sugestões.
A3: Regra: nunca menos de 80 reações. O Conselho pode decidir ter mais, ou propor ideias novas na aba Conselho, mas não menos. Passiva = acontece sozinha, sem evento. Ativa = disparada por algo.
A5: Nº | B5: Reação | C5: Tipo | D5: Categoria | E5: Ideia de gatilho | F5: Passo 1 | G5: ms 1 | H5: Passo 2 | I5: ms 2 | J5: Passo 3 | K5: ms 3 | L5: Passo 4 | M5: ms 4 | N5: Duração total (ms) | O5: Asset novo necessário | P5: Decisão do Conselho | Q5: Notas do Conselho
A6: 1 | B6: Respirar e balançar | C6: Passiva | D6: Ambiente | E6: Sempre ligado, em segundo plano | F6: B1 + C1 · respiração do corpo (P6) | G6: 4000 | H6: B1 + C1 · chiquinhas em vento leve (P2/P3/H5/H6) | I6: 3000 | N6: =SUM(G6,I6,K6,M6) | O6: — | P6: Aprovada
A7: 2 | B7: Sacada de olhar | C7: Passiva | D7: Ambiente | E7: Aleatório, a cada poucos segundos | F7: B1 + C1 | G7: 2500 | H7: O1: íris desvia pro lado | I7: 700 | J7: O1: íris volta pra câmera | K7: 400 | N7: =SUM(G7,I7,K7,M7) | O7: — | P7: Aprovada
A8: 3 | B8: Piscada dupla | C8: Passiva | D8: Ambiente | E8: Aleatório, raro | F8: B2 | G8: 40 | H8: B3 | I8: 80 | J8: B1 | K8: 120 | L8: B2 → B3 → B1 | M8: 200 | N8: =SUM(G8,I8,K8,M8) | O8: — | P8: Aprovada
A9: 4 | B9: Piscada lenta de gato | C9: Passiva | D9: Ambiente | E9: Aleatório quando está calma ou de bom humor | F9: B2 | G9: 150 | H9: B3 + C5 | I9: 500 | J9: B2 | K9: 150 | L9: B1 + C1 | M9: 200 | N9: =SUM(G9,I9,K9,M9) | O9: — | P9: Aprovada
A10: 5 | B10: Seguir o cursor | C10: Passiva | D10: Ambiente | E10: Mouse em movimento pela tela | F10: O1: íris acompanha o cursor em sacadas curtas | G10: 2000 | N10: =SUM(G10,I10,K10,M10) | O10: — | P10: Ajustar gatilho | Q10: sacada curta para o card que acabou de mudar (faixa, manchete, FPS)
A11: 6 | B11: Observando o HUD | C11: Passiva | D11: Ambiente | E11: Aleatório, como quem confere os cards | F11: F1 (lado do MAGI) | G11: 900 | H11: F4 (Now playing) | I11: 900 | J11: F5 (Rádio / Claude Code) | K11: 900 | L11: F3 (FPS / rede) | M11: 900 | N11: =SUM(G11,I11,K11,M11) | O11: — | P11: Aprovada
A12: 7 | B12: Micro sorriso de canto | C12: Passiva | D12: Ambiente | E12: Aleatório | F12: B1 + C10 | G12: 1500 | N12: =SUM(G12,I12,K12,M12) | O12: — | P12: Aprovada
A13: 8 | B13: Beicinho passageiro | C13: Passiva | D13: Ambiente | E13: Aleatório | F13: B1 + C9 | G13: 1200 | N13: =SUM(G13,I13,K13,M13) | O13: — | P13: Aprovada
A14: 9 | B14: Suspiro leve | C14: Passiva | D14: Ambiente | E14: Aleatório | F14: B2 + C4 · respiração funda | G14: 900 | H14: B1 + C1 | I14: 500 | N14: =SUM(G14,I14,K14,M14) | O14: — | P14: Aprovada
A15: 10 | B15: Cantarolando sozinha | C15: Passiva | D15: Ambiente | E15: Aleatório e raro, sem música tocando | F15: B2 + C13 | G15: 1200 | H15: B1 + C1 + D6 (uma nota) | I15: 1000 | N15: =SUM(G15,I15,K15,M15) | O15: — | P15: Aprovada
A16: 11 | B16: Rindo sozinha | C16: Passiva | D16: Ambiente | E16: Aleatório e raro (lembrou de algo) | F16: B1 + C5 | G16: 800 | H16: B5 + C6 | I16: 1200 | J16: B4 + C5 | K16: 800 | N16: =SUM(G16,I16,K16,M16) | O16: — | P16: Aprovada
A17: 12 | B17: Corando sozinha | C17: Passiva | D17: Ambiente | E17: Aleatório e muito raro | F17: F3 + C1 | G17: 600 | H17: B4 + C5 + D1 | I17: 1800 | J17: B1 + C1 | K17: 600 | N17: =SUM(G17,I17,K17,M17) | O17: — | P17: Aprovada
A18: 13 | B18: Falando sozinha em silêncio | C18: Passiva | D18: Ambiente | E18: Aleatório, sem voz | F18: B13 + V1 | G18: 300 | H18: B13 + V5 | I18: 150 | J18: B13 + V2 | K18: 250 | L18: B13 + V3 | M18: 300 | N18: =SUM(G18,I18,K18,M18) | O18: — | P18: Aprovada
A19: 14 | B19: Brilho da presilha | C19: Passiva | D19: Ambiente | E19: Quando a cabeça mexe ou aleatório | F19: B1 + C1 + H4 (brilho cruza a presilha) | G19: 900 | N19: =SUM(G19,I19,K19,M19) | O19: — | P19: Aprovada
A20: 15 | B20: Encarando | C20: Passiva | D20: Ambiente | E20: Mouse parado sobre ela por ~10 s | F20: B1 + C1 · olhar fixo na câmera (O1) | G20: 3000 | H20: B3 · piscada lenta | I20: 500 | J20: B1 + C10 | K20: 1000 | N20: =SUM(G20,I20,K20,M20) | O20: — | P20: Aprovada | Q20: Aprovada condicionada ao sinal A (retrato): mouse parado ≥10 s. Fora do código até o sinal existir.
A21: 16 | B21: Soprando a franja | C21: Passiva | D21: Ambiente | E21: Tédio leve ou aleatório | F21: B13 + C1 | G21: 800 | H21: B2 + V4 + H3 (franja balança) | I21: 700 | J21: B1 + C1 | K21: 500 | N21: =SUM(G21,I21,K21,M21) | O21: — | P21: Aprovada
A22: 17 | B22: Bocejo | C22: Passiva | D22: Tédio e sono | E22: ~2 min sem interação | F22: B14 + C1 | G22: 800 | H22: B15 + C4 (bocejo) | I22: 1200 | J22: B14 + C1 | K22: 600 | L22: B1 + C1 | M22: 400 | N22: =SUM(G22,I22,K22,M22) | O22: — | P22: Ajustar gatilho | Q22: 10 min com Magui, Claude, música e jogo parados
A23: 18 | B23: Cochilo | C23: Passiva | D23: Tédio e sono | E23: ~5 min sem interação | F23: B14 + C1 | G23: 1500 | H23: B15 + C1 + D3 (zz) · cabeça cai | I23: 3000 | N23: =SUM(G23,I23,K23,M23) | O23: — | P23: Ajustar gatilho | Q23: mesmas condições do 17 por 25 min (fundo sleepy)
A24: 19 | B24: Cabeça pesada | C24: Passiva | D24: Tédio e sono | E24: Sessão muito longa, de madrugada | F24: B14 + C1 | G24: 1500 | H24: B15 + C1 · cabeça cai | I24: 500 | J24: B9 + C7 · desperta | K24: 400 | L24: B14 + C1 | M24: 800 | N24: =SUM(G24,I24,K24,M24) | O24: — | P24: Aprovada | Q24: nunca com jogo, Claude rodando ou música nota ≥1
A25: 20 | B25: Acordando em sobressalto | C25: Ativa | D25: Tédio e sono | E25: Você volta enquanto ela cochilava | F25: B9 + C7 + D5 | G25: 500 | H25: B2 + C9 | I25: 500 | J25: B1 + C5 | K25: 600 | N25: =SUM(G25,I25,K25,M25) | O25: — | P25: Ajustar gatilho | Q25: estava no 18 e chega qualquer evento real; fura cota
A26: 21 | B26: Fone em repouso | C26: Passiva | D26: Música | E26: Sem música tocando | F26: B1 + C1 + E3 (fone no pescoço) | G26: 3000 | N26: =SUM(G26,I26,K26,M26) | O26: E3 | P26: Aprovada
A27: 22 | B27: Ajeitando o fone | C27: Passiva | D27: Música | E27: Música tocando, de tempos em tempos | F27: B5 + C5 + E2 | G27: 900 | H27: B1 + E2 balança (ou P11 mão no fone) | I27: 500 | N27: =SUM(G27,I27,K27,M27) | O27: P11 (opcional) | P27: Aprovada
A28: 23 | B28: Cabeça no ritmo | C28: Passiva | D28: Música | E28: Qualquer música tocando | F28: B2 + C1 + E2 · balanço lento | G28: 1500 | H28: B1 + C5 + E2 | I28: 1500 | N28: =SUM(G28,I28,K28,M28) | O28: — | P28: Aprovada
A29: 24 | B29: Colocando o fone | C29: Ativa | D29: Música | E29: Música começa a tocar | F29: F4 (Now playing) | G29: 600 | H29: B2 + C1 + E2 desce até a cabeça | I29: 400 | J29: B5 + C13 + D6 + E2 · cabeça no ritmo | K29: 2000 | N29: =SUM(G29,I29,K29,M29) | O29: — | P29: Ajustar gatilho | Q29: música começa a tocar; cooldown 3 min
A30: 25 | B30: Tirando o fone | C30: Ativa | D30: Música | E30: Música para ou ela vai falar com você | F30: B9 + C7 · E2 sai | G30: 500 | H30: B1 + C1 | I30: 600 | N30: =SUM(G30,I30,K30,M30) | O30: — | P30: Ajustar gatilho | Q30: Spotify tocando sim→não
A31: 26 | B31: Refrão chegou | C31: Ativa | D31: Música | E31: Pico de volume ou refrão detectado | F31: B4 + C5 + E2 | G31: 500 | H31: B5 + C6 + D9 + D6 · cabeça balança forte | I31: 2500 | N31: =SUM(G31,I31,K31,M31) | O31: — | P31: Ajustar gatilho | Q31: nota 2 passa de 60 s sem pulo, 1×/faixa; sem texto de 'refrão'; pico RMS vira variante condicionada
A32: 27 | B32: Cantando junto | C32: Ativa | D32: Música | E32: Música que ela conhece | F32: B5 + V1 | G32: 400 | H32: B5 + V2 | I32: 300 | J32: B5 + V3 | K32: 400 | L32: B4 + V5 | M32: 300 | N32: =SUM(G32,I32,K32,M32) | O32: — | P32: Ajustar gatilho | Q32: nota 2 ou ≥5 plays; após 40 s; 1×/faixa
A33: 28 | B33: Música repetida | C33: Ativa | D33: Música | E33: Mesma faixa tocando pela 3ª vez | F33: B7 + C12 | G33: 1000 | H33: F7 + C11 | I33: 1200 | N33: =SUM(G33,I33,K33,M33) | O33: — | P33: Ajustar gatilho | Q33: 3ª vez da faixa no dia; Ado variante happy, nunca perde
A34: 29 | B34: Música triste | C34: Ativa | D34: Música | E34: Faixa lenta ou melancólica | F34: B10 + C9 + E2 | G34: 1200 | H34: F7 + C1 + D7 (lágrima) | I34: 2500 | N34: =SUM(G34,I34,K34,M34) | O34: — | P34: Ajustar gatilho | Q34: lista melancolica/título (nocturne, requiem, sad…); D7 só 22h–04h, ≤1/dia
A35: 30 | B35: Música dançante | C35: Ativa | D35: Música | E35: Faixa agitada | F35: B4 + C10 + E2 · corpo balança | G35: 1500 | H35: B5 + C6 + D6 · chiquinhas balançam | I35: 2000 | N35: =SUM(G35,I35,K35,M35) | O35: — | P35: Ajustar gatilho | Q35: gênero da lista danca do toml, nota ≥1
A36: 31 | B36: Volume alto demais | C36: Ativa | D36: Música | E36: Volume sobe de repente | F36: B9 + C4 + D2 · E2 sai | G36: 600 | H36: B7 + C9 | I36: 700 | N36: =SUM(G36,I36,K36,M36) | O36: — | P36: Aprovada | Q36: Aprovada condicionada ao sinal D (volume PipeWire): salto ≥20 pp em ≤2 s. Fora do código até o sinal existir.
A37: 32 | B37: Fim do álbum | C37: Ativa | D37: Música | E37: Playlist ou álbum termina | F37: B5 + C5 + E2 | G37: 1200 | H37: B2 + C1 · sentindo falta | I37: 1000 | J37: B1 + C1 · E2 sai | K37: 800 | N37: =SUM(G37,I37,K37,M37) | O37: — | P37: Ajustar gatilho | Q37: renomear 'Acabou a fila': parou no fim e nada começou em 10 s
A38: 33 | B38: Descobriu música que amou | C38: Ativa | D38: Música | E38: Artista novo com nota alta | F38: B13 + C7 | G38: 800 | H38: B9 + C7 + D5 | I38: 500 | J38: B5 + C13 + D9 + D6 | K38: 2500 | N38: =SUM(G38,I38,K38,M38) | O38: — | P38: Ajustar gatilho | Q38: artista sem play anterior e nota ≥1 (variante de music_new)
A39: 34 | B39: Temperatura escalando | C39: Ativa | D39: Sistema | E39: CPU/GPU esquentando | F39: F1 + C8 + D2 | G39: 3000 | H39: B9 + C7 + D5 + D2 | I39: 1500 | N39: =SUM(G39,I39,K39,M39) | O39: — | P39: Aprovada | Q39: rosto do `hot` existente (variante)
A40: 35 | B40: Alívio térmico | C40: Ativa | D40: Sistema | E40: Temperatura volta ao normal | F40: B3 + C4 · suspiro (D2 some) | G40: 900 | H40: B4 + C5 | I40: 1500 | N40: =SUM(G40,I40,K40,M40) | O40: — | P40: Aprovada | Q40: variante do `hot`; histerese
A41: 36 | B41: FPS despencando | C41: Ativa | D41: Sistema | E41: FPS abaixo do limite por alguns segundos | F41: F3 + C11 | G41: 1500 | H41: B6 + C8 + D2 | I41: 1500 | N41: =SUM(G41,I41,K41,M41) | O41: — | P41: Aprovada | Q41: rosto do `fps_drop`
A42: 37 | B42: FPS recuperou | C42: Ativa | D42: Sistema | E42: FPS volta ao normal | F42: F3 | G42: 500 | H42: B4 + C5 | I42: 1500 | N42: =SUM(G42,I42,K42,M42) | O42: — | P42: Aprovada | Q42: variante do `fps_drop`
A43: 38 | B43: Rede caiu | C43: Ativa | D43: Sistema | E43: Perda de conexão | F43: F3 + C7 | G43: 800 | H43: B10 + C9 + D4 (?) | I43: 2000 | N43: =SUM(G43,I43,K43,M43) | O43: — | P43: Ajustar gatilho | Q43: sem IP/rota padrão por ≥10 s
A44: 39 | B44: Rede voltou | C44: Ativa | D44: Sistema | E44: Conexão restabelecida | F44: B9 + C7 | G44: 400 | H44: B4 + C5 | I44: 1500 | N44: =SUM(G44,I44,K44,M44) | O44: — | P44: Aprovada
A45: 40 | B45: Download concluído | C45: Ativa | D45: Sistema | E45: Download termina | F45: F5 + C7 | G45: 600 | H45: B4 + C10 | I45: 1500 | N45: =SUM(G45,I45,K45,M45) | O45: — | P45: Ajustar gatilho | Q45: renomear 'Transferência pesada acabou': ↓≥5 MB/s por 60 s e depois <100 kB/s; só rosto
A46: 41 | B46: Disco quase cheio | C46: Ativa | D46: Sistema | E46: SSD acima de um limite de uso | F46: F3 + C11 + D2 | G46: 1500 | H46: B10 + C8 | I46: 2000 | N46: =SUM(G46,I46,K46,M46) | O46: — | P46: Aprovada
A47: 42 | B47: Faxina do SSD em andamento | C47: Ativa | D47: Sistema | E47: Limpeza do SSD rodando | F47: B6 + C8 + F7 | G47: 2500 | H47: B13 + C1 | I47: 1500 | N47: =SUM(G47,I47,K47,M47) | O47: — | P47: Aprovada | Q47: rosto do `cleanup`
A48: 43 | B48: Ventoinha alta | C48: Ativa | D48: Sistema | E48: Rotação da ventoinha sobe | F48: B7 + C9 | G48: 1200 | H48: F1 + C12 + D2 | I48: 1500 | N48: =SUM(G48,I48,K48,M48) | O48: — | P48: Aprovada | Q48: Aprovada condicionada ao sinal fan*_input do hwmon: subida ≥30%. Fora do código até o sinal existir.
A49: 44 | B49: Jogo abriu | C49: Ativa | D49: Sistema | E49: Jogo detectado em execução | F49: B4 + C10 | G49: 800 | H49: B6 + C8 · modo jogo | I49: 2000 | N49: =SUM(G49,I49,K49,M49) | O49: — | P49: Aprovada | Q49: rosto do `game_on`
A50: 45 | B50: Jogo fechou em paz | C50: Ativa | D50: Sistema | E50: Jogo fecha normalmente | F50: B2 + C5 | G50: 1000 | H50: B4 + C5 | I50: 1500 | N50: =SUM(G50,I50,K50,M50) | O50: — | P50: Aprovada | Q50: rosto do `game_off`
A51: 46 | B51: Notificação chegou | C51: Ativa | D51: Sistema | E51: Notificação do sistema | F51: F5 + C7 | G51: 700 | H51: B1 + C1 | I51: 600 | N51: =SUM(G51,I51,K51,M51) | O51: — | P51: Aprovada | Q51: Aprovada condicionada ao sinal E (D-Bus Notifications): no máx. 1 a cada 10 min. Fora do código até o sinal existir.
A52: 47 | B52: Popup de erro | C52: Ativa | D52: Sistema | E52: Janela de erro do sistema | F52: B9 + C7 + D5 | G52: 600 | H52: B6 + C8 + D2 | I52: 1500 | N52: =SUM(G52,I52,K52,M52) | O52: — | P52: Aprovada | Q52: Aprovada condicionada ao sinal E (D-Bus Notifications): urgency=critical. Fora do código até o sinal existir.
A53: 48 | B53: PC ligando | C53: Ativa | D53: Sistema | E53: Boot do PC | F53: B15 + C1 | G53: 800 | H53: B2 + C1 | I53: 600 | J53: B1 + C5 | K53: 1200 | N53: =SUM(G53,I53,K53,M53) | O53: — | P53: Ajustar gatilho | Q53: renomear 'HUD acordou': primeiro snapshot do HUD
A54: 49 | B54: PC desligando | C54: Ativa | D54: Sistema | E54: Desligamento ou reinício | F54: B1 + C5 | G54: 800 | H54: B14 + C1 | I54: 700 | J54: B15 + C1 | K54: 1200 | N54: =SUM(G54,I54,K54,M54) | O54: — | P54: Substituir | Q54: HUD morre no desligamento → ideias 'Fim de expediente' e 'Boa noite'
A55: 50 | B55: Atualização pedindo reinício | C55: Ativa | D55: Sistema | E55: Aviso de update que exige reinício | F55: B7 + C12 | G55: 1200 | H55: F6 + C11 | I55: 1200 | N55: =SUM(G55,I55,K55,M55) | O55: — | P55: Aprovada | Q55: Aprovada condicionada ao sinal dnf needs-restarting -r a cada 6 h: retorna 1. Fora do código até o sinal existir.
A56: 51 | B56: Posando pra print | C56: Ativa | D56: Sistema | E56: Print Screen | F56: B1 + C1 | G56: 200 | H56: B4 + C5 + D9 · pose | I56: 1200 | N56: =SUM(G56,I56,K56,M56) | O56: — | P56: Aprovada | Q56: Aprovada condicionada ao sinal inotify na pasta de capturas: arquivo novo. Fora do código até o sinal existir.
A57: 52 | B57: Lendo (Claude Code trabalhando) | C57: Ativa | D57: Claude Code | E57: Claude Code em atividade | F57: F7 + C1 | G57: 1500 | H57: F5 + C1 | I57: 1500 | N57: =SUM(G57,I57,K57,M57) | O57: — | P57: Aprovada
A58: 53 | B58: Claude Code terminou | C58: Ativa | D58: Claude Code | E58: Tarefa concluída | F58: B4 + C10 | G58: 1000 | H58: B5 + C5 | I58: 1500 | N58: =SUM(G58,I58,K58,M58) | O58: — | P58: Ajustar gatilho | Q58: Claude rodando→parado após ≥2 min; sem D9 e sem texto
A59: 54 | B59: Claude Code com erro | C59: Ativa | D59: Claude Code | E59: Erro reportado | F59: B10 + C11 | G59: 1000 | H59: B7 + C8 + F7 | I59: 1800 | N59: =SUM(G59,I59,K59,M59) | O59: — | P59: Aprovada | Q59: Aprovada condicionada ao sinal C (hook do Claude Code): falha. Fora do código até o sinal existir.
A60: 55 | B60: Claude Code esperando você | C60: Ativa | D60: Claude Code | E60: Pede resposta ou aprovação | F60: F7 + C1 | G60: 1000 | H60: B1 + C7 + D4 (?) | I60: 2000 | N60: =SUM(G60,I60,K60,M60) | O60: — | P60: Aprovada | Q60: Aprovada condicionada ao sinal C (hook do Claude Code): Notification/pedido de aprovação. Fora do código até o sinal existir.
A61: 56 | B61: Claude Code demorando | C61: Ativa | D61: Claude Code | E61: Tarefa passa de vários minutos | F61: B7 + C9 | G61: 1500 | H61: B14 + C1 | I61: 2500 | N61: =SUM(G61,I61,K61,M61) | O61: — | P61: Ajustar gatilho | Q61: Claude rodando contínuo ≥15 min
A62: 57 | B62: Bom dia | C62: Ativa | D62: Tempo | E62: Primeiro uso do dia | F62: B14 + C1 | G62: 1000 | H62: B1 + C5 | I62: 800 | J62: B4 + C5 | K62: 1500 | N62: =SUM(G62,I62,K62,M62) | O62: — | P62: Ajustar gatilho | Q62: primeiro evento real do dia após 05h; fura cota
A63: 58 | B63: Hora do almoço | C63: Ativa | D63: Tempo | E63: Horário do almoço | F63: B4 + C5 | G63: 800 | H63: F3 + C9 · pensando em comida | I63: 1500 | N63: =SUM(G63,I63,K63,M63) | O63: — | P63: Aprovada
A64: 59 | B64: Meia-noite | C64: Ativa | D64: Tempo | E64: Virada para 00:00 | F64: B7 + C12 | G64: 1200 | H64: F7 + C11 | I64: 1200 | N64: =SUM(G64,I64,K64,M64) | O64: — | P64: Aprovada
A65: 60 | B65: Madrugada pesada | C65: Ativa | D65: Tempo | E65: Uso entre 3h e 5h | F65: B14 + C4 | G65: 1500 | H65: B10 + C9 + F7 · sugere dormir | I65: 2500 | N65: =SUM(G65,I65,K65,M65) | O65: — | P65: Aprovada
A66: 61 | B66: Sugerindo pausa | C66: Ativa | D66: Tempo | E66: Sessão de 2 h ou mais sem pausa | F66: B10 + C5 | G66: 1000 | H66: F1 + C5 | I66: 1200 | N66: =SUM(G66,I66,K66,M66) | O66: — | P66: Ajustar gatilho | Q66: variante do long_session existente
A67: 62 | B67: Sentiu sua falta | C67: Ativa | D67: Tempo | E67: Você volta depois de uma ausência longa | F67: B10 + C9 | G67: 800 | H67: B9 + C7 | I67: 500 | J67: B4 + C5 + D1 | K67: 1800 | N67: =SUM(G67,I67,K67,M67) | O67: — | P67: Ajustar gatilho | Q67: primeiro evento após ≥2 h sem nenhum; fura cota e cota de blush
A68: 63 | B68: Data especial | C68: Ativa | D68: Tempo | E68: Aniversário ou data cadastrada | F68: B9 + C7 + D5 | G68: 500 | H68: B5 + C6 + D1 + D6 | I68: 2500 | N68: =SUM(G68,I68,K68,M68) | O68: — | P68: Aprovada | Q68: Aprovada condicionada ao sinal [datas] no toml: data cadastrada pelo Pedro. Fora do código até o sinal existir.
A69: 64 | B69: Cutucada | C69: Ativa | D69: Interação | E69: Cliques seguidos nela | F69: B9 + C7 · 1º clique | G69: 600 | H69: B7 + C9 · 2º clique | I69: 800 | J69: B6 + C8 + D8 · 3º clique em diante | K69: 1500 | L69: B2 → B1 + C1 · parou de clicar | M69: 600 | N69: =SUM(G69,I69,K69,M69) | O69: — | P69: Ajustar gatilho | Q69: cliques no LED 1º/2º/3º+ em 5 s; vai pro retrato com o sinal A
A70: 65 | B70: Hover | C70: Ativa | D70: Interação | E70: Mouse sobre ela | F70: B4 + C5 + D1 suave | G70: 1500 | N70: =SUM(G70,I70,K70,M70) | O70: — | P70: Aprovada | Q70: Aprovada condicionada ao sinal A (retrato): hover; blush na cota. Fora do código até o sinal existir.
A71: 66 | B71: Cutucada com fone | C71: Ativa | D71: Interação | E71: Clique nela enquanto está de fone | F71: B10 + C7 + D4 (?) · E2 sai | G71: 700 | H71: B1 + C1 · fone volta se a música ainda toca | I71: 800 | N71: =SUM(G71,I71,K71,M71) | O71: — | P71: Ajustar gatilho | Q71: clique no LED com música tocando (variante do 64)
A72: 67 | B72: Carinho | C72: Ativa | D72: Interação | E72: Arrastar o mouse sobre a cabeça dela | F72: B2 + C1 | G72: 600 | H72: B5 + C5 + D1 · cabelo balança | I72: 2000 | N72: =SUM(G72,I72,K72,M72) | O72: — | P72: Aprovada | Q72: Aprovada condicionada ao sinal A (retrato): arrasto na metade de cima. Fora do código até o sinal existir.
A73: 68 | B73: Mouse sacudido | C73: Ativa | D73: Interação | E73: Mouse sacudido sobre ela | F73: B9 + C7 + D2 | G73: 600 | H73: B10 + C9 · corpo tonto | I73: 1200 | N73: =SUM(G73,I73,K73,M73) | O73: — | P73: Substituir | Q73: sem sinal → ideia 'Tontura de pulos'
A74: 69 | B74: Clique duplo | C74: Ativa | D74: Interação | E74: Clique duplo nela | F74: B9 + D5 | G74: 400 | H74: B6 + C8 | I74: 1200 | N74: =SUM(G74,I74,K74,M74) | O74: — | P74: Aprovada | Q74: Aprovada condicionada ao sinal A (retrato): clique duplo. Fora do código até o sinal existir.
A75: 70 | B75: Segurar o clique | C75: Ativa | D75: Interação | E75: Clique longo nela | F75: B2 + C1 | G75: 600 | H75: B3 + C5 · relaxando | I75: 2500 | N75: =SUM(G75,I75,K75,M75) | O75: — | P75: Aprovada | Q75: Aprovada condicionada ao sinal A (retrato): clique ≥800 ms; 1×/sessão. Fora do código até o sinal existir.
A76: 71 | B76: Notícia boa | C76: Ativa | D76: Rádio Ayanami | E76: Item novo e positivo na Rádio Ayanami | F76: F5 + C7 | G76: 600 | H76: B4 + C5 | I76: 1500 | N76: =SUM(G76,I76,K76,M76) | O76: — | P76: Ajustar gatilho | Q76: manchete com palavra de noticia_boa (toml)
A77: 72 | B77: Notícia ruim | C77: Ativa | D77: Rádio Ayanami | E77: Item novo e negativo na Rádio Ayanami | F77: F5 + C7 | G77: 600 | H77: B10 + C9 | I77: 1800 | N77: =SUM(G77,I77,K77,M77) | O77: — | P77: Ajustar gatilho | Q77: manchete com palavra de noticia_ruim; nunca riso ou zoeira
A78: 73 | B78: Notícia absurda | C78: Ativa | D78: Rádio Ayanami | E78: Item bizarro na Rádio Ayanami | F78: B9 + C7 | G78: 600 | H78: B7 + C12 | I78: 1500 | N78: =SUM(G78,I78,K78,M78) | O78: — | P78: Ajustar gatilho | Q78: manchete com palavra de noticia_absurda; nunca em morte/desastre
A79: 74 | B79: Tsundere (elogio) | C79: Ativa | D79: Conversa e personalidade | E79: Elogio ou feedback positivo | F79: B6 + C9 + D1 | G79: 1500 | H79: F1 + C12 + D1 · gira a cabeça pro lado | I79: 1500 | J79: B2 → B1 + C1 | K79: 600 | N79: =SUM(G79,I79,K79,M79) | O79: — | P79: Aprovada | Q79: Aprovada condicionada ao sinal B (tag da conversa): elogio. Fora do código até o sinal existir.
A80: 75 | B80: Ideia! | C80: Ativa | D80: Conversa e personalidade | E80: Resposta ou descoberta encontrada | F80: B13 + C7 | G80: 1200 | H80: B9 + C7 + D5 · recuo do corpo | I80: 500 | J80: B4 + C6 · chiquinhas balançam | K80: 1500 | N80: =SUM(G80,I80,K80,M80) | O80: — | P80: Ajustar gatilho | Q80: HEAD do git mudou (commit novo); árvore limpa é variante
A81: 76 | B81: Rindo | C81: Ativa | D81: Conversa e personalidade | E81: Zoeira ou algo engraçado | F81: B5 + C6 · corpo tremendo | G81: 1800 | H81: B5 + C6 + D7 (lágrima de rir) | I81: 1200 | J81: B4 + C5 | K81: 800 | N81: =SUM(G81,I81,K81,M81) | O81: — | P81: Aprovada | Q81: Aprovada condicionada ao sinal B (tag da conversa): zoeira; D7 de riso só de madrugada. Fora do código até o sinal existir.
A82: 77 | B82: Flagrada olhando | C82: Ativa | D82: Conversa e personalidade | E82: Cursor parado sobre ela por alguns segundos | F82: B1 + C1 | G82: 1000 | H82: O1: íris desvia + C1 + D2 | I82: 1200 | J82: O1: íris volta devagar + C10 + D1 | K82: 1500 | N82: =SUM(G82,I82,K82,M82) | O82: — | P82: Aprovada | Q82: Aprovada condicionada ao sinal A (retrato): mouse parado 3–5 s. Fora do código até o sinal existir.
A83: 78 | B83: Desconfiada | C83: Ativa | D83: Conversa e personalidade | E83: Algo suspeito ou resposta duvidosa | F83: B7 + C12 | G83: 1200 | H83: F6 + C12 | I83: 1500 | N83: =SUM(G83,I83,K83,M83) | O83: — | P83: Ajustar gatilho | Q83: título com slowed/sped up/nightcore
A84: 79 | B84: Triste leve | C84: Ativa | D84: Conversa e personalidade | E84: Falha leve ou mensagem triste | F84: B10 + C9 | G84: 1200 | H84: F7 + C9 + D7 · ombros caídos | I84: 2000 | N84: =SUM(G84,I84,K84,M84) | O84: — | P84: Ajustar gatilho | Q84: humor do Pedro ≤1; sem D7, sem texto, sem deboche
A85: 80 | B85: Impaciente | C85: Ativa | D85: Conversa e personalidade | E85: PC lento ou espera longa | F85: B7 + C9 | G85: 1500 | H85: F7 alternando com B1 + C9 | I85: 1500 | J85: B7 + C4 · suspiro | K85: 1000 | N85: =SUM(G85,I85,K85,M85) | O85: — | P85: Ajustar gatilho | Q85: CPU ≥90% por ≥60 s sem jogo aberto
A86: 81 | B86: Surpresa boa | C86: Ativa | D86: Conversa e personalidade | E86: Boa notícia inesperada | F86: B9 + C7 | G86: 500 | H86: B4 + C6 + D1 · chiquinhas balançam | I86: 1500 | N86: =SUM(G86,I86,K86,M86) | O86: — | P86: Ajustar gatilho | Q86: nota 2 começa logo depois de uma nota −1
A87: 82 | B87: Foco com fone | C87: Ativa | D87: Claude Code | E87: Claude Code trabalhando ou sessão de foco | F87: F7 + C1 + E2 · cabeça balança de leve | G87: 1500 | H87: F5 + C1 + E2 | I87: 1500 | N87: =SUM(G87,I87,K87,M87) | O87: — | P87: Ajustar gatilho | Q87: Claude rodando e música tocando (família claude)
A88: 83 | B88: Provocação com piscadinha | C88: Ativa | D88: Conversa e personalidade | E88: Zoeira do usuário ou ela provocando | F88: B4 + C10 | G88: 800 | H88: B16 + C10 | I88: 1200 | N88: =SUM(G88,I88,K88,M88) | O88: B16 | P88: Ajustar gatilho | Q88: Pedro pula ≥2 faixas e para numa nota 2 → piscadinha
A89: 84 | B89: Eu avisei | C89: Ativa | D89: Conversa e personalidade | E89: Algo dá errado do jeito que ela previu | F89: B6 + C1 | G89: 800 | H89: B4 + C10 · queixo erguido | I89: 1800 | N89: =SUM(G89,I89,K89,M89) | O89: — | P89: Ajustar gatilho | Q89: hot/fps_drop ≤10 min depois de ela reagir ao 34
A90: 85 | B90: Indiferente | C90: Ativa | D90: Conversa e personalidade | E90: Pedido repetitivo ou óbvio | F90: B7 + C1 + F6 | G90: 1500 | H90: B2 + C11 | I90: 1000 | N90: =SUM(G90,I90,K90,M90) | O90: — | P90: Ajustar gatilho | Q90: mesmo botão do player ≥3× em 10 s
A91: 86 | B91: Pedindo desculpa | C91: Ativa | D91: Conversa e personalidade | E91: Ela errou | F91: B10 + C9 | G91: 1000 | H91: B3 + C1 · cabeça baixa | I91: 1000 | J91: B10 + C5 | K91: 1500 | N91: =SUM(G91,I91,K91,M91) | O91: — | P91: Aprovada | Q91: Aprovada condicionada ao sinal B (tag da conversa): correcao; termina de queixo erguido. Fora do código até o sinal existir.
A92: 87 | B92: Gaguejando | C92: Ativa | D92: Conversa e personalidade | E92: Elogiada de surpresa | F92: B9 + V5 + D2 | G92: 400 | H92: B10 + V5 + D1 | I92: 400 | J92: B4 + C5 + D1 | K92: 1200 | N92: =SUM(G92,I92,K92,M92) | O92: — | P92: Aprovada | Q92: Aprovada condicionada ao sinal B (tag da conversa): 2º elogio ≤5 min após o 74. Fora do código até o sinal existir.
A93: 88 | B93: Sussurrando um segredo | C93: Ativa | D93: Conversa e personalidade | E93: Fala em voz baixa | F93: F1 | G93: 500 | H93: B1 + V4 | I93: 600 | J93: B4 + C10 | K93: 1200 | N93: =SUM(G93,I93,K93,M93) | O93: — | P93: Aprovada | Q93: Aprovada condicionada ao sinal F (microfone): nível abaixo do limiar. Fora do código até o sinal existir.
A94: 89 | B94: Indecisa | C94: Ativa | D94: Conversa e personalidade | E94: Duas opções propostas | F94: F1 + C11 | G94: 900 | H94: F6 + C11 | I94: 900 | J94: B13 + C7 | K94: 1200 | N94: =SUM(G94,I94,K94,M94) | O94: — | P94: Ajustar gatilho | Q94: anterior/próxima alternados ≥2× em 15 s
A95: 90 | B95: Concentração extrema | C95: Ativa | D95: Claude Code | E95: Build ou tarefa longa e pesada | F95: B6 + C8 + F7 · sem piscar | G95: 3000 | H95: B2 + C8 | I95: 300 | N95: =SUM(G95,I95,K95,M95) | O95: — | P95: Ajustar gatilho | Q95: Claude rodando ≥15 min com CPU ≥70%

Sheet Resumo
A1: Resumo
A2: Tudo calculado a partir das abas Reações e Conselho; muda sozinho conforme o Conselho decide.
A4: Piso de reações
A5: Reações listadas (aba Reações) | B5: =COUNTA(Reações!$B$6:$B$300)
A6: Ideias novas do Conselho | B6: =COUNTA(Conselho!$B$10:$B$39)
A7: Total de reações | B7: =B5+B6
A8: Mínimo exigido | B8: 80 | C8: Piso definido por você (80).
A9: Situação | B9: =IF(B7>=B8,"OK: piso cumprido","ABAIXO DO MÍNIMO")
A11: Por tipo
A12: Tipo | B12: Reações | C12: Duração média (ms)
A13: Passiva | B13: =COUNTIF(Reações!$C$6:$C$300,A13) | C13: =IFERROR(AVERAGEIF(Reações!$C$6:$C$300,A13,Reações!$N$6:$N$300),"")
A14: Ativa | B14: =COUNTIF(Reações!$C$6:$C$300,A14) | C14: =IFERROR(AVERAGEIF(Reações!$C$6:$C$300,A14,Reações!$N$6:$N$300),"")
A16: Por categoria
A17: Categoria | B17: Reações | C17: Duração média (ms)
A18: Ambiente | B18: =COUNTIF(Reações!$D$6:$D$300,A18) | C18: =IFERROR(AVERAGEIF(Reações!$D$6:$D$300,A18,Reações!$N$6:$N$300),"")
A19: Tédio e sono | B19: =COUNTIF(Reações!$D$6:$D$300,A19) | C19: =IFERROR(AVERAGEIF(Reações!$D$6:$D$300,A19,Reações!$N$6:$N$300),"")
A20: Música | B20: =COUNTIF(Reações!$D$6:$D$300,A20) | C20: =IFERROR(AVERAGEIF(Reações!$D$6:$D$300,A20,Reações!$N$6:$N$300),"")
A21: Sistema | B21: =COUNTIF(Reações!$D$6:$D$300,A21) | C21: =IFERROR(AVERAGEIF(Reações!$D$6:$D$300,A21,Reações!$N$6:$N$300),"")
A22: Claude Code | B22: =COUNTIF(Reações!$D$6:$D$300,A22) | C22: =IFERROR(AVERAGEIF(Reações!$D$6:$D$300,A22,Reações!$N$6:$N$300),"")
A23: Tempo | B23: =COUNTIF(Reações!$D$6:$D$300,A23) | C23: =IFERROR(AVERAGEIF(Reações!$D$6:$D$300,A23,Reações!$N$6:$N$300),"")
A24: Interação | B24: =COUNTIF(Reações!$D$6:$D$300,A24) | C24: =IFERROR(AVERAGEIF(Reações!$D$6:$D$300,A24,Reações!$N$6:$N$300),"")
A25: Rádio Ayanami | B25: =COUNTIF(Reações!$D$6:$D$300,A25) | C25: =IFERROR(AVERAGEIF(Reações!$D$6:$D$300,A25,Reações!$N$6:$N$300),"")
A26: Conversa e personalidade | B26: =COUNTIF(Reações!$D$6:$D$300,A26) | C26: =IFERROR(AVERAGEIF(Reações!$D$6:$D$300,A26,Reações!$N$6:$N$300),"")
A27: Total | B27: =SUM(B18:B26) | C27: =IFERROR(AVERAGE(Reações!$N$6:$N$300),"")
A29: Decisão do Conselho
A30: Decisão | B30: Reações
A31: Pendente | B31: =COUNTIF(Reações!$P$6:$P$300,A31)
A32: Aprovada | B32: =COUNTIF(Reações!$P$6:$P$300,A32)
A33: Ajustar gatilho | B33: =COUNTIF(Reações!$P$6:$P$300,A33)
A34: Substituir | B34: =COUNTIF(Reações!$P$6:$P$300,A34)
A36: Dependem de asset novo
A37: Reações que precisam de asset novo | B37: =SUMPRODUCT((Reações!$O$6:$O$300<>"—")*(Reações!$O$6:$O$300<>""))
A38: Reações que usam só o que já existe | B38: =B5-B37

Sheet Conselho
A1: Conselho: decisões sobre as reações
A3: O que o Conselho decide | B3: Para cada reação da aba Reações: marcar a Decisão (Aprovada, Ajustar gatilho ou Substituir) e anotar o motivo. Os gatilhos são só ideias, não valem até o Conselho aprovar.
A4: Mais ou ideias novas | B4: O Conselho também decide se vale ter mais reações do que as que estão listadas, e propõe ideias novas na tabela abaixo.
A5: Piso de 80 | B5: O total nunca pode ficar abaixo de 80. Marcar "Substituir" não tira a reação da contagem: a substituta deve ser proposta na tabela abaixo. O Resumo mostra se o piso está cumprido.
A6: Personagem e gosto | B6: A personalidade e o gosto da Condessa vivem em persona/condessa.md (decidido pelo Conselho). As expressões aqui devem respeitar esse arquivo; se uma reação não combina com ela, trocar.
A7: Exemplo de ideia nova | B7: "Espirro do HUD" | Passiva | Ambiente | Aleatório e muito raro | B3 + V2 → B9 + C7 · fungada. (É só um exemplo de formato; não conta no total.)
A8: Ideias novas propostas pelo Conselho (cada linha preenchida na coluna Reação nova entra no total)
A9: Nº | B9: Reação nova | C9: Tipo | D9: Categoria | E9: Ideia de gatilho | F9: Sequência sugerida | G9: Quem propôs / nota
A10: 1 | B10: Fim de expediente | C10: Ativa | D10: Tempo | E10: Claude de ≥1 sessão para 0 após ≥2 h, depois das 18h | F10: B4+C5+P9 (1200) → B2+C5 (800) | G10: Kurisu · substitui o 49
A11: 2 | B11: Boa noite | C11: Ativa | D11: Tempo | E11: 0h–4h, música parou e Claude parado ≥10 min | F11: B1+C5 (800) → B14+C1 (700) → B15+C1 (1200) | G11: Aqua · substitui o 49
A12: 3 | B12: Tontura de pulos | C12: Ativa | D12: Música | E12: 5 pulos em 60 s (escala do skips) | F12: B9+C7+D2 (600) → B10+C9 (1200) | G12: Kurisu · substitui o 68
A13: 4 | B13: Vergonha de FPS | C13: Ativa | D13: Sistema | E13: fps_drop pela 3ª vez na mesma sessão de jogo | F13: F3+C11 (1200) → B6+C8+D2 (1500) → B7+C12 (1000) | G13: Asuka
A14: 5 | B14: Sistema sufocando | C14: Ativa | D14: Sistema | E14: RAM ≥90% ou swap +1 GB em 60 s | F14: B9+C7+D5 (600) → B6+C8+D2 (1500) | G14: Kurisu
A15: 6 | B15: Partida sem tropeço | C15: Ativa | D15: Sistema | E15: jogo ≥30 min sem fps_drop, 1×/sessão | F15: B9+C7 (400) → B5+C6+D9 (2500) | G15: Aqua + Asuka (funde Recorde de FPS)
A16: 7 | B16: Favorita do Dia em campo | C16: Ativa | D16: Música | E16: toca o artista sorteado como Favorita do Dia | F16: B1+C1 (200) → B4+C5+D9 (1200) | G16: Kurisu + Aqua
A17: 8 | B17: Duelo com a Ado | C17: Ativa | D17: Música | E17: faixa da Ado começa (nunca D1 nem love) | F17: B7+C12 (800) → B6+C8 (1200) → B4+C10 (1200) | G17: Asuka + Aqua
A18: 9 | B18: A Conta Anônima | C18: Ativa | D18: Música | E18: vocaloid ou Kenshi Yonezu/hachi tocando há 40 s | F18: B5+V1 (300) → B5+V2 (300) → F1+C1+D2 (1200) → B4+C10 (800) | G18: Kurisu + Aqua
A19: 10 | B19: Diva contra Diva | C19: Ativa | D19: Música | E19: Lady Gaga começa a tocar | F19: B7+C12 (1000) → B4+C10 (1200) | G19: Kurisu + Aqua
A20: 11 | B20: Tema água | C20: Ativa | D20: Música | E20: título com palavra de água (Odisseia 6) | F20: B13+C7 (800) → B4+C6+D6 (1800) | G20: Kurisu + Aqua
A21: 12 | B21: Calada pelo Chopin | C21: Ativa | D21: Música | E21: 0h–4h, Chopin ou Marika Takeuchi (variante do 29) | F21: B3+C5 (3000) → B2+C1 (600) | G21: Aqua
... A29: 20 | B29: Braços cruzados | C29: Passiva | D29: Ambiente | E29: aleatório raro com fundo stress/focus; 1×/dia (condicionada à arte P13) | F29: B7+C9+P13 (2000) → B1+C1 (600) | G29: Asuka
A30: 21
A31: 22
A32: 23
A33: 24
A34: 25
A35: 26
A36: 27
A37: 28
A38: 29
A39: 30

Sheet Humor
A1: Humor persistente
A2: Variável que dura minutos e inclina quais reações passivas aparecem. Peso (azul) é um ponto de partida para ajustar, não um valor definido. O Conselho pode rever os fatores.
A4: Fator | B4: Condição | C4: Efeito nas reações passivas | D4: Reações favorecidas | E4: Peso inicial (0–10)
A5: Sessão longa | B5: Sessão de 2 h ou mais | C5: Mais sonolência e bocejos | D5: Bocejo, Cabeça pesada, Cochilo | E5: 6
A6: Música tocando (qualquer) | B6: Qualquer música em reprodução | C6: Fone na cabeça, cabeça balançando; tira só pra falar com você | D6: Cabeça no ritmo, Ajeitando o fone, Cantarolando sozinha | E6: 7
A7: Música que ela gosta | B7: Música com nota ≥ 1 no gosto | C7: Mais sorrisos de canto, mais animação | D7: Micro sorriso de canto, Piscada lenta de gato, Rindo sozinha | E7: 7
A8: PC com problema | B8: CPU/GPU quente, FPS caindo, travou | C8: Mais preocupação e impaciência | D8: Suspiro leve, Beicinho passageiro, Observando o HUD | E8: 7
A9: Manhã | B9: Primeiro uso do dia | C9: "Bom dia": acorda e sorri | D9: Piscada lenta de gato, Micro sorriso de canto | E9: 3
A10: Madrugada | B10: Uso de madrugada | C10: Sonolenta, bocejos | D10: Bocejo, Cabeça pesada, Suspiro leve | E10: 7
A11: Pedro mal | B11: Humor do Pedro 0–1 (núcleo) | C11: Só carinho; bloqueia a zoeira | D11: Piscada lenta de gato, Respirar e balançar | E11: 9
A12: Desempenho em jogo | B12: Jogo aberto + FPS estável ≥5 min | C12: Passivas pela metade | D12: Micro sorriso de canto, Modo chefe, Brilho da presilha | E12: 7
A13: Música que ela odeia | B13: Nota −1 tocando | C13: Emburrada leve | D13: Beicinho passageiro, Suspiro leve, Soprando a franja | E13: 5
A14: Vitória recente | B14: 10 min após 35, 37, 39, 53, 75, faxina | C14: Mais sorrisos | D14: Micro sorriso de canto, Rindo sozinha | E14: 6
A15: Silêncio longo | B15: Sem música e Claude parado ≥30 min | C15: Tédio | D15: Suspiro leve, Beicinho passageiro, Soprando a franja | E15: 4
A16: Favorita do Dia tocando | B16: Artista da Favorita do Dia tocando | C16: Animação; nunca corar | D16: Cabeça no ritmo, Micro sorriso de canto, Cantarolando sozinha | E16: 8

Sheet Assets novos
A1: Assets novos que mais rendem
A2: IDs sugeridos continuam a numeração da ficha (B1–B15, P1–P8, E1–E2). Prompts seguem o padrão de inpainting da ficha. A coluna "Reações que usam" aponta pra aba Reações. Marque "Feita?" conforme for entregando.
A4: Prioridade | B4: ID sugerido | C4: Nome | D4: Região que muda | E4: O que desenhar | F4: Prompt (inpainting) | G4: Usos | H4: Reações que usam | I4: Feita?
A5: 1 | B5: B16 | C5: Piscadinha (wink) | D5: olhos + sobrancelhas | E5: Olho esquerdo fechado em ^, olho direito aberto e sorrindo, sobrancelhas felizes. | F5: same character, same pose, keep the solid #00FF00 green background, edit ONLY the eyes: winking, left eye closed in a happy ^ curve, right eye open and smiling, eyebrows raised and arched | G5: zoeira, flerte, "deixa comigo" | H5: Provocação com piscadinha | I5: não
A6: 1 | B6: E3 | C6: Fone no pescoço | D6: fone / cabeça | E6: Fone de ouvido apoiado ao redor do pescoço, cabeça sem fone. Estado de repouso sem música. | F6: same character, same pose, keep the solid #00FF00 green background, edit ONLY: headphones resting around her neck, no headphones on the head | G6: repouso sem música; troca com o E2 quando a música começa ou para | H6: Fone em repouso | I6: não
A7: 2 | B7: P9 | C7: Braço acenando | D7: braço (troca P7/P8) | E7: Braço levantado em aceno amigável, mão aberta. | F7: same character, same pose, keep the solid #00FF00 green background, edit ONLY the arm on the right side of the image: arm raised in a friendly wave, open hand | G7: "oi", "tchau" | H7: Bom dia, PC desligando (opcional) | I7: não
A8: 2 | B8: P10 | C8: Mão no queixo | D8: braço (troca P7/P8) | E8: Mão levantada até o queixo, pose de quem pensa. | F8: same character, same pose, keep the solid #00FF00 green background, edit ONLY the arm on the right side of the image: hand raised to the chin in a thinking pose | G8: pensando, ideia | H8: Ideia!, Indecisa (opcional) | I8: não
A9: 3 | B9: P11 | C9: Mão no fone | D9: braço (troca P7/P8) | E9: Mão levantada tocando o fone na orelha, ajeitando ou ouvindo com atenção. | F9: same character, same pose, headphones on her head, keep the solid #00FF00 green background, edit ONLY the arm on the right side of the image: hand raised touching the headphone on her ear | G9: ajeitando o fone, ouvindo atento | H9: Ajeitando o fone (opcional) | I9: não
A10: 2 | B10: B17 | C10: Olhos felizes meio | D10: olhos + sobrancelhas | E10: B4 com as pálpebras na metade: piscada suave do feliz (hoje vai direto pro fechado B5). | F10: same character, same pose, edit only the eyes: smiling happy eyes, eyelids half closed mid-blink, eyebrows raised and arched | G10: piscada do feliz | H10: — | I10: não
A11: 0 | B11: D1/D2/D6/D8 | C11: Rubor, suor, notas, veia | D11: detalhes | E11: Arte dos detalhes hoje desenhados em código | G11: dezenas de sequências | H11: várias | I11: não
A12: 1 | B12: D7 | C12: Lágrima | D12: detalhes | E12: Lágrima no canto do olho | G12: 29, 76 (madrugada) | H12: Música triste, Rindo | I12: não
A13: 2 | B13: P12 | C13: Punho cerrado | D13: braço (troca P7/P8) | E13: Mão fechada em punho, orgulho | G13: Duelo com a Ado, Partida sem tropeço | H13: — | I13: não
A14: 2 | B14: P13 | C14: Braços cruzados | D14: braços | E14: Braços cruzados na frente do corpo | G14: cobrança, orgulho | H14: Braços cruzados | I14: não
